T_GeV,T_MeV,a_internal,a_physical,z,H_RTK_over_c_Mpc_inv,H_sameparams_LCDM_over_c_Mpc_inv,R_H
8.614109862550688e-07,0.0008614109862550688,2.9083762122807207e-07,2.6957626041529146e-07,3709524.4547246327,29702742.421087507,29702742.356626507,1.0000000021702036
8.885203346726523e-07,0.0008885203346726523,2.820052319192027e-07,2.613895531029323e-07,3825706.600510764,31592014.592863224,31592014.526374474,1.0000000021046063
9.164828377206647e-07,0.0009164828377206647,2.734339325769888e-07,2.534448490656162e-07,3945630.5789677096,33603224.16891389,33603224.100345284,1.0000000020405366
9.453253449128684e-07,0.0009453253449128683,2.6513154882549597e-07,2.457494018438656e-07,4069184.896270624,35740222.237047024,35740222.166326135,1.0000000019787478
9.75075914015463e-07,0.000975075914015463,2.5708998647002984e-07,2.3829562027489565e-07,4196634.033643158,38011484.04865945,38011483.9756258,1.0000000019213442
1.0057628635349478e-06,0.001005762863534948,2.4929394118026377e-07,2.310760198427697e-07,4328075.119964816,40425574.86953721,40425574.794204995,1.0000000018637067
1.037415477114901e-06,0.0010374154771149008,2.4173477184780155e-07,2.240833711959928e-07,4463649.365656886,42991851.09811793,42991851.02033534,1.0000000018099897
1.0700641502055394e-06,0.0010700641502055393,2.3440478654197092e-07,2.1731060808201653e-07,4603483.282256747,45720098.48543949,45720098.405117676,1.000000001757241
1.1037402390216028e-06,0.0011037402390216027,2.2729744107250682e-07,2.1075089453439156e-07,4747710.926044909,48620749.70051733,48620749.617947154,1.0000000016984314
1.1384761260154793e-06,0.0011384761260154794,2.2040603195723097e-07,2.043976293143272e-07,4896464.15883863,51704915.173414804,51704915.08811218,1.0000000016499966
1.1743052783241867e-06,0.0011743052783241866,2.1372429003613834e-07,1.9824443806017855e-07,5049883.034530175,54984315.54520193,54984315.45713639,1.0000000016011503
1.2112623182529347e-06,0.0012112623182529346,2.0724637477243005e-07,1.9228516595325867e-07,5208116.232468132,58471216.58628096,58471216.49507171,1.0000000015594845
1.2493820938028838e-06,0.0012493820938028838,2.0096666909857637e-07,1.8651387060273593e-07,5371311.515709716,62178465.49208956,62178465.39733819,1.0000000015237536
1.2887017513022177e-06,0.0012887017513022177,1.9487987468168224e-07,1.8092481525361828e-07,5539625.212989651,66119530.86850301,66119530.77027423,1.0000000014855925
1.3292598100715482e-06,0.0013292598100715481,1.8898090816596868e-07,1.7551246251362702e-07,5713212.725858309,70308659.48202212,70308659.38036713,1.000000001445731
1.3710962402298965e-06,0.0013710962402298966,1.8326489788455905e-07,1.702714683176004e-07,5892248.070457163,74760887.70343186,74760887.59789355,1.0000000014119879
1.4142525456472128e-06,0.0014142525456472127,1.7772718065125362e-07,1.6519667729590036e-07,6076894.464889394,79492139.77776614,79492139.6683375,1.0000000013768915
1.4587718510535005e-06,0.0014587718510535005,1.7236329881857784e-07,1.602831183076508e-07,6267324.963231551,84519292.87431826,84519292.76107962,1.00000000133973
1.5046989943352988e-06,0.0015046989943352988,1.6716899751436616e-07,1.5552599991789598e-07,6463713.139226238,89860242.74118155,89860242.62374766,1.0000000013068702
1.5520806300575337e-06,0.0015520806300575338,1.6214022060890933e-07,1.5092070630399987e-07,6666241.872897369,95534076.58674978,95534076.46518956,1.0000000012724135
1.600965336270283e-06,0.001600965336270283,1.572731061255331e-07,1.4646279343497313e-07,6875103.987759807,101562041.51401587,101562041.38798876,1.0000000012408683
1.651403724614789e-06,0.0016514037246147889,1.525639821456232e-07,1.4214798555759617e-07,7090492.68740876,107966210.2552394,107966210.12458411,1.0000000012101409
1.7034485658040231e-06,0.001703448565804023,1.4800936266070602e-07,1.3797217181307603e-07,7312611.791353786,114769390.0234527,114769389.88746428,1.0000000011848869
1.7571549194278212e-06,0.0017571549194278212,1.436059436177596e-07,1.339313990256693e-07,7541675.287361265,121995190.82582305,121995190.68444303,1.0000000011599046
1.8125802681457543e-06,0.0018125802681457543,1.393505993028969e-07,1.300218662630982e-07,7777907.136516294,129669064.81148633,129669064.66428772,1.0000000011351853
1.8697846593368579e-06,0.001869784659336858,1.3524037886339708e-07,1.2623991891824312e-07,8021539.396855505,137818348.9040593,137818348.75053985,1.0000000011136416
1.928830852293793e-06,0.001928830852293793,1.3127247684854462e-07,1.2258204461182333e-07,8272804.70779466,146472309.993875,146472309.8336733,1.0000000010933974
1.989784471024639e-06,0.001989784471024639,1.274442541273394e-07,1.1904486846769688e-07,8531945.8349552,155662192.07788953,155662191.91070274,1.000000001073897
2.0527131747225197e-06,0.0020527131747225196,1.2375322465622058e-07,1.1562514985228154e-07,8799215.299764467,165421264.12759084,165421263.95240057,1.0000000010590435
2.1176878260978288e-06,0.0021176878260978286,1.2019703776501603e-07,1.1231977932306486e-07,9074866.00590917,175784886.66531742,175784886.481459,1.000000001046
2.184781660644296e-06,0.002184781660644296,1.1677346636388563e-07,1.091257758410498e-07,9359151.97173746,186790580.27410755,186790580.5976038,0.9999999982681429
2.2540704648888062e-06,0.0022540704648888064,1.1348034336097785e-07,1.0604028410813357e-07,9652348.473916167,198477142.3479759,198477142.665749,0.9999999983991942
2.3256327676600995e-06,0.0023256327676600996,1.1031551907966964e-07,1.0306057212347178e-07,9954732.917354917,210885656.93470958,210885657.25599563,0.9999999984768395
2.3995499965031447e-06,0.0023995499965031447,1.0727688947377518e-07,1.0018405635304567e-07,10266598.679110223,224058119.68396768,224058120.0196932,0.9999999985016007
2.475905541079335e-06,0.002475905541079335,1.043624175332558e-07,9.740828661801822e-08,10588233.266938712,238038648.94177428,238038649.29636005,0.9999999985104145
2.5547847598560337e-06,0.0025547847598560337,1.0157013724017264e-07,9.472860732565753e-08,10919942.020908402,252873652.67324683,252873653.0484049,0.9999999985163411
2.636274098406716e-06,0.002636274098406716,9.889814487642417e-08,9.214098454065543e-08,11262034.788552757,268611987.2111172,268611987.60532373,0.9999999985324185
2.7204612064932496e-06,0.0027204612064932495,9.6340593627066e-08,8.964150811518363e-08,11614826.270199824,285305132.2554635,285305132.6714995,0.9999999985411568
2.807435056079667e-06,0.0028074350560796667,9.389342940772174e-08,8.722638798391796e-08,11978636.775345715,303007384.79991597,303007385.23987806,0.9999999985480176
2.897286061714894e-06,0.002897286061714894,9.155285753721087e-08,8.489195095098653e-08,12353892.103611156,321775042.82280856,321775043.28861034,0.9999999985505638
2.9901062089745524e-06,0.0029901062089745522,8.931531387449679e-08,8.263464821962069e-08,12741023.083936067,341667592.7126165,341667593.2074924,0.9999999985518885
3.0859891888479544e-06,0.0030859891888479542,8.71774573023261e-08,8.045104003579669e-08,13140466.503774399,362746907.0388378,362746907.5645994,0.9999999985503216
3.1850305360501227e-06,0.0031850305360501225,8.513616252404424e-08,7.833780394610322e-08,13552665.363318156,385077460.13853395,385077460.6977456,0.9999999985477936
3.287327781275163e-06,0.003287327781275163,8.318851372839565e-08,7.62917239542463e-08,13978069.787820209,408726565.6345296,408726566.22952926,0.9999999985430152
3.3939806053097858e-06,0.0033939806053097858,8.133181894428717e-08,7.430969618876955e-08,14417137.999699864,433764626.55747575,433764627.1907627,0.9999999985397551
3.5040909960516156e-06,0.0035040909960516156,7.956348479877311e-08,7.238871587169618e-08,14870336.700186247,460265411.20715714,460265411.88191503,0.9999999985351946
3.617763407435468e-06,0.0036177634074354683,7.78810412085197e-08,7.052587847464925e-08,15338141.176144103,488304361.75573736,488304362.47539324,0.9999999985263505
3.735104933294075e-06,0.003735104933294075,7.628210609986209e-08,6.871837978933047e-08,15821035.676443117,517960938.83924764,517960939.60794634,0.9999999985159032
3.856225480390722e-06,0.003856225480390722,7.476438999028578e-08,6.696351591841103e-08,16319513.02644629,549317983.8124512,549317984.6340665,0.9999999985047608
3.981237953594569e-06,0.003981237953594569,7.332568031466996e-08,6.525868325456119e-08,16834074.150167003,582461100.1478817,582461101.0260415,0.9999999984923283
4.11025844528345e-06,0.00411025844528345,7.196385500155681e-08,6.360137847138037e-08,17365228.55541132,617480059.1418788,617480060.0800064,0.9999999984807134
4.243406428024881e-06,0.004243406428024881,7.06768667120374e-08,6.198919852095577e-08,17913594.813374214,654468267.8902094,654468268.8916994,0.9999999984698476
4.380804963648561e-06,0.004380804963648561,6.946274160528495e-08,6.041984063392549e-08,18479700.992293354,693523445.1820537,693523446.2505282,0.9999999984584563
4.5225809367358896e-06,0.0045225809367358895,6.831957798381978e-08,5.8891092303280914e-08,19064285.120375884,734748294.206815,734748295.3466974,0.9999999984485889
4.668865283588856e-06,0.004668865283588856,6.724554506707228e-08,5.7400831272124534e-08,19667995.663005553,778250225.7750887,778250226.9908015,0.9999999984377972
4.819793233704076e-06,0.004819793233704076,6.623887186373583e-08,5.594702551364754e-08,20291691.052068114,824141145.2524124,824141146.548443,0.9999999984274242
4.975504567886208e-06,0.004975504567886208,6.529784615906695e-08,5.4527723210938884e-08,20936039.22184198,872537336.4924719,872537337.87339,0.9999999984175084
5.136143881154215e-06,0.005136143881154215,6.442081347059186e-08,5.314104275881634e-08,21602218.151857406,923559472.8791012,923559474.3495643,0.9999999984077581
5.301861851770729e-06,0.005301861851770729,6.360617609583611e-08,5.178516276796023e-08,22291216.436890054,977332719.3048062,977332720.869571,0.9999999983998624
5.472814533493686e-06,0.005472814533493686,6.285239222216237e-08,5.045832207969107e-08,23003933.883015916,1033986647.1516485,1033986648.8155844,0.9999999983908271
5.649163662049849e-06,0.005649163662049849,6.215797499399069e-08,4.915881037798663e-08,23741481.177707624,1093616134.7268844,1093616136.4959865,0.9999999983823703
5.831076976915167e-06,0.0058310769769151665,6.152149160965444e-08,4.788496512139156e-08,24504780.60400568,1156363788.5533948,1156363790.433012,0.999999998373536
6.018728548434375e-06,0.006018728548434375,6.094156244824797e-08,4.6635164536640515e-08,25294967.88932287,1222385805.6318142,1222385807.6283944,0.9999999983662532
6.212298110066401e-06,0.006212298110066401,6.041686022505217e-08,4.540783929749466e-08,26113192.111541033,1291841941.0082042,1291841943.1282115,0.9999999983589696
6.411971405683432e-06,0.006411971405683432,5.994610916864363e-08,4.420146433779903e-08,26960616.30664692,1364895730.2281587,1364895732.478771,0.9999999983501063
6.617940543063293e-06,0.006617940543063293,5.952808423521429e-08,4.3014566153632317e-08,27838418.336068343,1441714469.6722033,1441714472.060505,0.9999999983434243
6.8304043626228025e-06,0.006830404362622803,5.916161029142205e-08,4.184571663985572e-08,28747891.66396207,1522469508.4433374,1522469510.9764428,0.9999999983362887
7.049568817342811e-06,0.00704956881734281,5.884556132047453e-08,4.069353115993395e-08,29690346.34956985,1607336350.590686,1607336353.276381,0.9999999983286009
7.275647388722554e-06,0.007275647388722554,5.8578859666683785e-08,3.955666669032633e-08,30667110.71967535,1696494776.7994616,1696494779.646531,0.9999999983217553
7.508861476489813e-06,0.0075088614764898135,5.836048536184048e-08,3.84338199876605e-08,31679532.244289886,1790128875.381718,1790128878.3999467,0.9999999983139475
7.749440832461114e-06,0.007749440832461114,5.8199475469269426e-08,3.7323725791551996e-08,32729078.392850637,1888427139.4064665,1888427142.6066892,0.9999999983053013
7.997623039991555e-06,0.007997623039991555,5.8094923458016e-08,3.622515513723139e-08,33817237.90688331,1991582570.9037752,1991582574.2978165,0.9999999982958749
8.25365402121798e-06,0.00825365402121798,5.8045988477782624e-08,3.5136923745163845e-08,34945522.25979533,2099792771.0418456,2099792774.6425364,0.9999999982852316
8.51778856221554e-06,0.00851778856221554,5.805189459405884e-08,3.405789066824496e-08,36115566.04262276,2213259861.7305884,2213259865.5522866,0.9999999982732606
8.790290872707295e-06,0.008790290872707295,5.81119300925208e-08,3.298695703396685e-08,37329027.42869308,2332190378.1342196,2332190382.1923857,0.9999999982597071
9.071435204084808e-06,0.009071435204084808,5.822544684389503e-08,3.1923064859530036e-08,38587689.12430114,2456795206.1943417,2456795210.5060873,0.9999999982450157
9.361506550387264e-06,0.009361506550387265,5.839185960689962e-08,3.0865195953427765e-08,39893305.60301259,2587289525.062109,2587289529.646984,0.9999999982294517
9.660800407428637e-06,0.009660800407428637,5.8610645218596896e-08,2.9812370780521072e-08,41247731.6640612,2723892832.8492913,2723892837.7289176,0.99999999820855
9.969623532755934e-06,0.009969623532755933,5.888134175195349e-08,2.876364743269472e-08,42652867.486718595,2866828972.5605426,2866828977.758953,0.999999998185856
1.028029427789709e-05,0.01028029427789709,5.919502859794268e-08,2.7829896071866612e-08,44092576.83711522,3015710564.362872,3015710569.9067225,0.9999999981611988
1.0600644575509144e-05,0.010600644575509144,5.954012573641033e-08,2.691582472281243e-08,45589792.17320492,3172204366.6809697,3172204372.597535,0.9999999981345238
1.0930954298244916e-05,0.010930954298244916,5.991587980618324e-08,2.6021762340907114e-08,47146146.49115536,3336642500.4461174,3336642506.7641864,0.9999999981064887
1.1271510605314893e-05,0.011271510605314893,6.032150214116199e-08,2.5148181642589914e-08,48763411.45867793,3509383758.8716445,3509383765.621026,0.9999999980767605
1.1622608325609935e-05,0.011622608325609934,6.075624650848822e-08,2.4295551627035725e-08,50443516.75839356,3690788209.7726684,3690788216.9841156,0.9999999980450918
1.1984540341265671e-05,0.011984540341265671,6.121939680362501e-08,2.3464340301378573e-08,52188499.87531512,3881218351.3299594,3881218359.0359874,0.9999999980115176
1.2357607961596882e-05,0.012357607961596881,6.171027484646653e-08,2.2655017561174712e-08,54000561.10916356,4081041546.1437874,4081041554.378301,0.9999999979820071
1.274212131348844e-05,0.01274212131348844,6.222823820883316e-08,2.1868057795356502e-08,55881911.33351437,4290632522.738362,4290632531.537814,0.999999997949163
1.3138400754330187e-05,0.013138400754330188,6.277268811803721e-08,2.110393177739716e-08,57834817.346278235,4510376624.255463,4510376633.658342,0.9999999979140621
1.3546778301183774e-05,0.013546778301183774,6.334306742012485e-08,2.0363112854920795e-08,59861538.580314355,4740663064.313132,4740663074.360719,0.9999999978781514
1.396759907452114e-05,0.01396759907452114,6.393887799374176e-08,1.9646071752850657e-08,61964332.14212149,4981889856.551178,4981889867.288677,0.9999999978445339
1.4401221773250572e-05,0.014401221773250573,6.456025140035387e-08,1.895328680486121e-08,64145498.59304124,5234462996.369896,5234463007.845163,0.9999999978082528
1.4848029160950264e-05,0.014848029160950265,6.520711073586586e-08,1.828524183008197e-08,66407376.54497545,5498795409.992153,5498795422.257742,0.9999999977694108
1.5308428564597876e-05,0.015308428564597876,6.587914295274116e-08,1.764242533022332e-08,68752370.75426033,5775301916.130502,5775301929.244663,0.9999999977291658
1.578285241584145e-05,0.015782852415841452,6.657623972896404e-08,1.702533254420462e-08,71182961.39392021,6064407532.570469,6064407546.598179,0.9999999976868694
1.6271758835072777e-05,0.01627175883507278,6.729840155019273e-08,1.6434466149498743e-08,73701619.725468,6366543248.704855,6366543263.718869,0.9999999976413297
1.677563226885486e-05,0.01677563226885486,6.804560829726906e-08,1.5870337447766608e-08,76310803.34435375,6682147189.994304,6682147206.074642,0.999999997592793
1.7294984169242385e-05,0.017294984169242385,6.881782052033596e-08,1.533346726495064e-08,79013260.24824147,7011664331.825973,7011664349.060138,0.9999999975416665
1.7830353744420408e-05,0.017830353744420408,6.961499992951102e-08,1.4824386925775793e-08,81811733.248981,7355545075.768851,7355545094.252339,0.9999999974871324
1.8382308751212777e-05,0.018382308751212776,7.043709055018103e-08,1.434363916502632e-08,84709064.42714383,7714245127.334907,7714245147.171993,0.9999999974306044
1.8951446349560063e-05,0.018951446349560062,7.128402006841942e-08,1.3891778983026873e-08,87708196.67096959,8088226582.179897,8088226603.483642,0.9999999973662266
1.953839388740228e-05,0.01953839388740228,7.215569133162227e-08,1.3469374463643522e-08,90812175.3915139,8477958357.92355,8477958380.816059,0.9999999973003197
2.014381971542266e-05,0.020143819715422662,7.305198365020164e-08,1.3077007534463585e-08,94024150.25891532,8883916466.86816,8883916491.48043,0.9999999972301675
2.0768434002345295e-05,0.020768434002345296,7.397274310322527e-08,1.2715274837173114e-08,97347476.92962722,9306584324.089558,9306584350.561047,0.9999999971554728
2.141299960095183e-05,0.02141299960095183,7.491777188654533e-08,1.2384788463058337e-08,100785695.45713179,9746453019.16814,9746453047.64711,0.9999999970776511
2.207833293513178e-05,0.02207833293513178,7.588682751007842e-08,1.2086176498965216e-08,104340458.5387923,10204022100.12389,10204022130.768032,0.9999999969966032
2.2765304907570057e-05,0.022765304907570054,7.68796110733637e-08,1.1819631834258121e-08,108015866.79172261,10679613255.912737,10679613288.888294,0.9999999969118659
2.3474841868575873e-05,0.023474841868575874,7.789575223963012e-08,1.158640196256965e-08,111816162.13133201,11173904145.285494,11173904180.766033,0.9999999968244407
2.4207926626121986e-05,0.024207926626121985,7.893479109977457e-08,1.1387557847501216e-08,115745723.24353032,11687594916.52816,11687594954.696186,0.9999999967335734
2.496559940752622e-05,0.024965599407526223,7.999616964167674e-08,1.1223983093634222e-08,119809070.00802082,12221409013.498146,12221409054.543283,0.9999999966415118
2.5748961752830475e-05,0.025748961752830476,8.108021969233802e-08,1.109635308721913e-08,124010868.08276656,12776094157.601942,12776094201.721659,0.9999999965469221
2.655918864816114e-05,0.02655918864816114,8.21871546727244e-08,1.1005124123631938e-08,128355933.4506218,13352423316.85367,13352423364.253267,0.9999999964502815
2.7397530562260636e-05,0.027397530562260638,8.331706911868762e-08,1.0950512575979185e-08,132849238.96666205,13951295910.036379,13951295960.929237,0.9999999963518008
2.826531554376688e-05,0.02826531554376688,8.446992421914848e-08,1.0932493975929607e-08,137495921.82473323,14573638906.594751,14573638961.203457,0.9999999962511409
2.9163951407212903e-05,0.029163951407212903,8.564553122071288e-08,1.0950792448135756e-08,142301290.97362822,15220407990.41038,15220408048.967598,0.9999999961495158
3.0094938077280434e-05,0.030094938077280444,8.684352374052172e-08,1.1004870154181566e-08,147270834.41558114,15892588310.525404,15892588373.27446,0.9999999960503472
3.105987018609125e-05,0.03105987018609125,8.80633397248885e-08,1.1093926631930016e-08,152410226.431508,16591195180.694492,16591195247.889618,0.9999999959499736
3.206044971183737e-05,0.03206044971183737,8.930420583103396e-08,1.1216907982234257e-08,157725334.77806664,17317274676.07907,17317274747.986767,0.9999999958466894
3.3098498806735006e-05,0.033098498806735006,9.056512131562564e-08,1.1372512436038286e-08,163222228.8390944,18071804336.52484,18071804413.424942,0.9999999957441601
3.4175962753856214e-05,0.03417596275385621,9.18448380136061e-08,1.1559205976694175e-08,168907188.71246353,18855793808.939175,18855793891.124126,0.9999999956421205
3.529491302316462e-05,0.03529491302316462,9.31418498562475e-08,1.1775228267170337e-08,174786715.27761537,19670285355.360657,19670285443.137623,0.9999999955395646
3.6457560466982964e-05,0.036457560466982965,9.445438173708812e-08,1.2018628484136015e-08,180867538.28438106,20516354562.37071,20516354656.0615,0.9999999954372484
3.766626885285019e-05,0.03766626885285019,9.57803783771325e-08,1.228730333553166e-08,187156624.48652723,21395111027.145245,21395111127.087074,0.9999999953295978
3.892356875359474e-05,0.03892356875359474,9.711747333653616e-08,1.2579001960144113e-08,193661187.82145488,22307700070.62432,22307700177.17022,0.9999999952230314
4.023216150720875e-05,0.04023216150720875,9.846295789878537e-08,1.2891418769611344e-08,200388699.62298205,23255299303.73619,23255299417.254196,0.9999999951265973
4.159492323224238e-05,0.04159492323224238,9.981375004609238e-08,1.3222170133710203e-08,207346900.8685118,24239121280.24047,24239121400.1142,0.9999999950457163
4.301491914443038e-05,0.04301491914443038,1.0116660926865623e-07,1.3568831424688601e-08,214543813.51504588,25260411146.874004,25260411273.503056,0.9999999949872697
4.4495418405423674e-05,0.044495418405423676,1.0251335289392876e-07,1.3928950663319553e-08,221987752.3560219,26320443246.09049,26320443379.891697,0.9999999949157163
4.6039909327350794e-05,0.04603990932735079,1.0385193985760724e-07,1.4300079530715816e-08,229687335.77327752,27420519963.6924,27420520104.99254,0.9999999948461815
4.765211539407489e-05,0.04765211539407489,1.0518021392370584e-07,1.4680141281279794e-08,237651497.94682944,28561970076.276302,28561970225.41099,0.9999999947783107
4.933601169913238e-05,0.04933601169913238,1.0649589041596276e-07,1.5067158333068474e-08,245889501.0476802,29746146763.16695,29746146920.48144,0.9999999947131258
5.109584194659246e-05,0.05109584194659246,1.0779655656384481e-07,1.545937704225169e-08,254410951.32726392,30974425387.262104,30974425553.11182,0.9999999946451392
5.293612620657864e-05,0.052936126206578644,1.090796666309149e-07,1.585527531855243e-08,263225819.18141282,32248201505.245266,32248201680.996437,0.9999999945503064
5.486167919300063e-05,0.054861679193000626,1.1034254123275168e-07,1.6253570154196807e-08,272344458.12748617,33568888244.453346,33568888430.482384,0.9999999944595397
5.68776288540847e-05,0.056877628854084704,1.1158236579233523e-07,1.6653215471935582e-08,281777626.7351584,34937913844.04814,34937914040.74275,0.9999999943699921
5.898942534751674e-05,0.05898942534751674,1.127961903762542e-07,1.705343963122329e-08,291536509.53716135,36356719003.12315,36356719210.88265,0.9999999942852763
6.120287996410869e-05,0.06120287996410869,1.1398083620588589e-07,1.745371303133724e-08,301632741.4202195,37826754115.670296,37826754334.90677,0.9999999942035991
6.35241541653314e-05,0.0635241541653314,1.151329996880571e-07,1.785371941940305e-08,312078433.820349,39349475857.98623,39349476089.12424,0.9999999941261889
6.596978000914098e-05,0.06596978000914099,1.162492584335846e-07,1.8253335472247047e-08,322886192.515707,40926343889.12272,40926344132.600624,0.9999999940569968
6.854667517610955e-05,0.06854667517610955,1.1732607675661955e-07,1.865260965776227e-08,334069138.66786677,42558816992.379776,42558817248.650566,0.9999999939736389
7.126216576881072e-05,0.07126216576881071,1.183598130742597e-07,1.9051731130686245e-08,345641930.71443474,44248353304.775314,44248353574.309616,0.9999999939062666
7.412400541117498e-05,0.07412400541117498,1.1934672749190028e-07,1.945100784373513e-08,357620787.67764294,45996314101.332375,45996314384.62028,0.9999999938405961
7.714039975794125e-05,0.07714039975794125,1.2028299352052803e-07,1.9850834993709437e-08,370023513.2378418,47803978949.49308,47803979246.05058,0.9999999937965142
8.031995787424009e-05,0.0803199578742401,1.211647099960389e-07,2.02516535529131e-08,382869522.11657816,49672530197.31503,49672530507.68785,0.9999999937522355
8.366173207166679e-05,0.08366173207166679,1.2198791328092195e-07,2.065391890346818e-08,396179866.8715622,51603054774.545456,51603055099.31286,0.9999999937113764
8.717524130354196e-05,0.08717524130354196,1.227485889121331e-07,2.1058100465919058e-08,409977260.95333916,53596545079.11868,53596545418.89275,0.9999999936604613
9.087050775880684e-05,0.09087050775880684,1.2344268342752507e-07,2.1464681535691695e-08,424286104.45157194,55653900026.25196,55653900381.678894,0.9999999936133577
9.475808701856551e-05,0.0947580870185655,1.2406611574357444e-07,2.18741595666777e-08,439132509.99924076,57775926177.41767,57775926549.17891,0.9999999935659789
9.884910237801347e-05,0.09884910237801348,1.2461478734224283e-07,2.228704691504049e-08,454544334.3605797,59963335321.19762,59963335710.00047,0.9999999935165089
0.00010315625899104529,0.10315625899104529,1.2508459257806835e-07,2.2703860442516706e-08,470551213.37631273,62216741405.740204,62216741812.3192,0.9999999934644727
0.0001076871910737244,0.1076871910737244,1.254714305545562e-07,2.3125121035296066e-08,487184605.92133665,64536657553.100525,64536657978.21628,0.999999993413314
0.00011244974845013483,0.11244974845013483,1.2577121867382832e-07,2.3551353135567483e-08,504477839.70859957,66923491862.169624,66923492307.60839,0.9999999933464313
0.0001174572092828476,0.1174572092828476,1.2597990787604456e-07,2.3983084464955695e-08,522466155.16806567,69377557068.70866,69377557536.28478,0.999999993260766
0.00012272352127975376,0.12272352127975376,1.260934989132259e-07,2.4420845755446123e-08,541186754.191004,71900057630.46797,71900058122.02351,0.9999999931583704
0.00012826339146188812,0.12826339146188812,1.2610805862902017e-07,2.4865170380223178e-08,560678854.9820677,74492182554.71422,74492183072.1234,0.9999999930565493
0.00013409238756852613,0.13409238756852612,1.2601973663604756e-07,2.531659399731485e-08,580983746.3576435,77155105778.14671,77155106323.31715,0.9999999929341918
0.00014022704420402302,0.14022704420402302,1.258247825441546e-07,2.5775654221655954e-08,602144840.8210939,79890070751.29643,79890071326.17749,0.999999992804145
0.0001466849788402393,0.14668497884023932,1.255195633473329e-07,2.6242880258186543e-08,624208731.194107,82698448357.17535,82698448963.76523,0.9999999926647747
0.0001534840197102012,0.1534840197102012,1.2510058278056775e-07,2.6718792492368727e-08,647225264.4359843,85581525499.0226,85581526139.3679,0.9999999925173234
0.0001606433436267778,0.1606433436267778,1.245644996764721e-07,2.7203919952455932e-08,671247618.324706,88540579487.28636,88540580163.47327,0.9999999923627951
0.0001681836107164697,0.1681836107164697,1.2390814513591248e-07,2.7698796705219076e-08,696332372.4371097,91576856944.36497,91576857658.52083,0.999999992202648
0.00017612611813186038,0.17612611813186038,1.2312843949061036e-07,2.8203963866591998e-08,722539254.3923994,94691555327.82396,94691556082.1167,0.9999999920355843
0.00018449395677620793,0.18449395677620794,1.2222251043915552e-07,2.8719964395509886e-08,749931748.6651726,97885854680.17123,97885855476.80879,0.9999999918605598
0.00019331219017565335,0.19331219017565335,1.211876117895871e-07,2.9247343661523664e-08,778577239.134387,101161003697.61513,101161004538.84698,0.999999991684642
0.00020260803888831422,0.20260803888831422,1.2002114314216154e-07,2.9786644623503055e-08,808547158.4679254,104519785422.36414,104519786310.52946,0.9999999915029786
0.00021241107460076522,0.21241107460076522,1.1872066725740307e-07,3.0338418062898957e-08,839917167.3632755,107964092676.68848,107964093614.2091,0.9999999913181282
0.00022275344693333578,0.22275344693333577,1.1728382678239033e-07,3.090322282041445e-08,872767366.9605476,111495860819.1571,111495861808.53192,0.9999999911231576
0.00023367015726116094,0.23367015726116094,1.1570846266064324e-07,3.148162449888827e-08,907182534.0453646,115117069427.86725,115117070471.68196,0.9999999909476515
0.00024519936441244236,0.24519936441244236,1.1399263163697608e-07,3.20741931775472e-08,943252367.0927849,118829743034.25423,118829744135.18289,0.9999999907264424
0.00025738272026341773,0.25738272026341774,1.1213462327043835e-07,3.268150043857049e-08,981071728.9910537,122635952939.57004,122635954100.37787,0.9999999905357503
0.00027026574818753095,0.27026574818753096,1.1013297488633298e-07,3.3304126126032136e-08,1020740933.5841414,126537818975.49585,126537820198.04155,0.9999999903375639
0.0002838982923772732,0.2838982923772732,1.0798639005127072e-07,3.3942658526595705e-08,1062361084.8406992,130537510300.28697,130537511586.52312,0.9999999901460103
0.0002983340740919033,0.2983340740919033,1.0569385908556293e-07,3.4597694184854026e-08,1106030960.861162,134637247722.68636,134637249074.66164,0.999999989958883
0.0003136312486371061,0.3136312486371061,1.0325468336397127e-07,3.52700213887356e-08,1151855303.856713,138839305389.585,138839306809.44574,0.999999989773624
0.0003298520123968578,0.3298520123968578,1.006685010946503e-07,3.596033450511223e-08,1199945607.2148652,143146011127.37167,143146012617.36636,0.9999999895910345
0.0003470632575019249,0.3470632575019249,9.793533218471502e-08,3.6669429442341214e-08,1250420997.6007783,147559748506.69327,147559750069.17346,0.9999999894102634
0.0003653372898281305,0.3653372898281305,9.505164138953033e-08,3.739810277440635e-08,1303409141.7155778,152082958989.75797,152082960627.18094,0.9999999892348417
0.00038475258409417347,0.38475258409417345,9.201764489949192e-08,3.8147151809874516e-08,1359047206.3479028,156718143895.50803,156718145610.4382,0.999999989058784
0.0004053945909165646,0.4053945909165646,8.883363447114029e-08,3.8917374926297937e-08,1417482842.2400537,161468866238.8301,161468868033.9421,0.9999999888847555
0.0004273565378317914,0.4273565378317914,8.549998438506693e-08,3.9709572211515864e-08,1478875310.0428958,166338752880.17422,166338754758.2558,0.9999999887096747
0.0004507402364384281,0.4507402364384281,8.20171685975473e-08,4.052454640621029e-08,1543396694.6723585,171331496990.69846,171331498954.6526,0.9999999885366375
0.00047565691130949093,0.47565691130949095,7.838576782167563e-08,4.136310388840912e-08,1611233135.9430788,176450858439.53812,176450860492.38895,0.9999999883622328
0.000502227063037381,0.5022270630373809,7.46064867999612e-08,4.222605575372876e-08,1682586194.6560953,181700664100.38974,181700666245.2852,0.9999999881976147
0.000530581337465983,0.530581337465983,7.067019182241816e-08,4.31142189979836e-08,1757674214.1406987,187084808145.24796,187084810385.46304,0.9999999880244345
0.0005608614102630182,0.5608614102630182,6.657791813772539e-08,4.402841784620824e-08,1836733936.6151614,192607252308.12296,192607254647.06033,0.9999999878570324
0.0005932219139872381,0.5932219139872381,6.233086576396321e-08,4.496948521741131e-08,1920022247.9118927,198272025759.73367,198272028200.9263,0.9999999876889342
0.0006278324669524599,0.62783246695246,5.793040734111361e-08,4.593826431367087e-08,2007818072.5167158,204083225825.08334,204083228372.19565,0.999999987515001
0.0006648798434054586,0.6648798434054586,5.337809423857125e-08,4.693560029359059e-08,2100424342.4751966,210045018151.5032,210045020808.33023,0.9999999873559162
0.0007045702995424861,0.7045702995424861,4.86756596359696e-08,4.796234211376227e-08,2198160098.313721,216161637437.92416,216161640208.39316,0.9999999871839146
0.000747133049826003,0.747133049826003,4.3825020514733597e-08,4.9019334606880034e-08,2301372625.2032886,222437179869.32443,222437182757.49493,0.9999999870161761
0.000792822878455619,0.792822878455619,3.882828949723028e-08,5.010741097624876e-08,2410449815.575191,228875746455.54025,228875749465.6059,0.9999999868486494
0.0008419238699006423,0.8419238699006423,3.368776162648454e-08,5.1227385484264695e-08,2525813131.0758896,235481507608.17365,235481510744.46292,0.999999986680113
0.0008947513704002193,0.8947513704002193,2.8405890818944196e-08,5.238004481566414e-08,2647931173.322116,242258681543.20325,242258684810.18063,0.9999999865150155
0.0009516561678270682,0.9516561678270682,2.2985273597476743e-08,5.356614407474442e-08,2777323751.694398,249211577877.48566,249211581279.75662,0.999999986346241
0.0010120299541001142,1.0120299541001142,1.7428641311375084e-08,5.478638540182738e-08,2914566111.464369,256344583040.3905,256344586582.68817,0.9999999861827412
0.0010753091899088258,1.0753091899088258,1.1738822471464228e-08,5.6041395878039716e-08,3060293425.1823444,263662215473.526,263662219160.71185,0.9999999860156618
0.0011419794835726214,1.1419794835726213,5.917449412979392e-09,5.7331693194516e-08,3215206324.759443,271169164030.42496,271169167867.49414,0.9999999858507045
0.0012125813246130625,1.2125813246130625,2.263809763800778e-09,5.865765220261133e-08,3380078854.6474595,278870275674.10187,278870279666.1914,0.9999999856849203
0.001287717988954329,1.287717988954329,1.9253284700038874e-09,6.002015156039972e-08,3555777345.644964,286770563657.3043,286770567809.7065,0.9999999855261427
0.0013670630306513163,1.3670630306513163,1.7438771585985934e-09,6.142095074951757e-08,3743262034.4681053,294875207106.94946,294875211425.0992,0.999999985354356
0.0014503689109079427,1.4503689109079427,1.6170306639288376e-09,6.286129801219936e-08,3943597829.4111056,303189555844.34015,303189560333.8191,0.9999999851984204
0.0015374777731063778,1.5374777731063778,1.5156118903312434e-09,6.434274357518805e-08,4157964757.936102,311719137484.642,311719142151.13885,0.9999999850316922
0.0016283333512836635,1.6283333512836635,1.4292328025058881e-09,6.586685503951182e-08,4387668462.590885,320469664238.37787,320469669087.65594,0.9999999848696168
0.0017230007510776545,1.7230007510776544,1.352830631517238e-09,6.743523027758165e-08,4634150760.891003,329447040836.3383,329447045874.23114,0.9999999847077565
0.0018216401368782814,1.8216401368782814,1.2837365385587306e-09,6.904949959685022e-08,4899010202.49563,338657371459.5816,338657376692.0796,0.9999999845519344
0.0019245042304936786,1.9245042304936787,1.220361968817702e-09,7.071133787106188e-08,5184012789.427056,348106966556.57764,348106961549.7259,1.0000000143830874
0.0020319372618728404,2.0319372618728404,1.1616888272639755e-09,7.242246673041302e-08,5491112722.992945,357802348177.87085,357802343573.82495,1.0000000128675797
0.002144379107185121,2.144379107185121,1.1069825060503554e-09,7.418465704867133e-08,5822493295.718843,367750253717.97284,367750249404.76276,1.0000000117299976
0.0022623725786070286,2.2623725786070283,1.055668632455284e-09,7.599973166578204e-08,6180557849.489681,377957649366.31934,377957645245.87177,1.0000000109018774
0.002386570936054809,2.386570936054809,1.0072728218578203e-09,7.787957245976968e-08,6567939450.198882,388431743247.96277,388431739250.602,1.0000000102911057
0.00251774760953678,2.51774760953678,9.614274168322533e-10,7.982612155503928e-08,6987528102.425247,399179999729.4893,399179995798.06134,1.0000000098499737
0.002656808052427052,2.656808052427052,9.179416313597346e-10,8.18413826572691e-08,7442497073.249305,410210152278.66046,410210148363.29626,1.0000000095447525
0.0028048067734628197,2.8048067734628195,8.76605375921605e-10,8.392742324188047e-08,7936330677.341795,421530176822.4959,421530172883.2938,1.000000009345276
0.0029629649473859007,2.9629649473859006,8.372403871351393e-10,8.608637936021346e-08,8472841596.430886,433148300457.9952,433148296475.79425,1.0000000091933507
0.003132691219562124,3.132691219562124,7.996939681224567e-10,8.83204525771487e-08,9056209184.358643,445072992790.5061,445072988766.28815,1.0000000090418784
0.0033156055128075437,3.315605512807544,7.638353802045376e-10,9.063191873256388e-08,9691011991.378397,457312976391.2812,457312972339.429,1.000000008860341
0.003513565598239449,3.5135655982394494,7.29552956090934e-10,9.302313080505666e-08,10382052395.695833,469877250971.0946,469877246915.13654,1.0000000086319518
0.0037286989336676895,3.7286989336676895,6.967516804006872e-10,9.54965244130558e-08,11134690683.272207,482774991033.1445,482774987003.06757,1.000000008346599
0.003963443240487689,3.963443240487689,6.653511561305188e-10,9.805462831114486e-08,11955283320.881388,496015447964.49115,496015444001.0214,1.000000007990657
0.004220600572218402,4.220600572218402,6.352838097622324e-10,1.0070006925142123e-07,12850744140.008139,509608046060.82294,509608042220.52637,1.0000000075354234
0.004503389067873867,4.503389067873867,6.064933135483353e-10,1.0343422769338175e-07,13828797274.625801,523562380646.0364,523562377000.9932,1.000000006960432
0.004815508200025898,4.815508200025899,5.789327166732601e-10,1.0626230305291385e-07,14897919582.619028,537888214356.44403,537888211001.76404,1.0000000062366674
0.005160233018401844,5.160233018401844,5.52562882796595e-10,1.0918971513872924e-07,16067375853.665567,552595474509.4923,552595471.0,1.0000000060207674
